{"stats":{"minecraft:custom":{"minecraft:jump":17,"minecraft:time_since_rest":2814,"minecraft:crouch_one_cm":240,"minecraft:leave_game":1,"minecraft:sprint_one_cm":1061,"minecraft:play_time":2814,"minecraft:time_since_death":2814,"minecraft:walk_one_cm":1848,"minecraft:sneak_time":87,"minecraft:total_world_time":2814,"minecraft:drop":2,"minecraft:fly_one_cm":31061},"minecraft:used":{"minecraft:netherite_pickaxe":14,"minecraft:stone":2},"minecraft:dropped":{"minecraft:stone":2},"minecraft:mined":{"minecraft:stone":14},"minecraft:picked_up":{"minecraft:stone":2,"minecraft:cobblestone":14}},"DataVersion":3700}